ALTER TABLE  `zzsys_list` CHANGE  `sli_option`  `sli_option` VARCHAR( 250 ) CHARACTER SET utf8 COLLATE utf8_general_ci NULL DEFAULT NULL;
UPDATE  `zzsys_form` SET  `sfo_sql` =  'SELECT * FROM zzsys_list WHERE sli_name != ''javascriptFile''' WHERE  `zzsys_form`.`zzsys_form_id` =  '14594524f967b8';
REPLACE INTO `zzsys_list` (`zzsys_list_id`, `sli_name`, `sli_option`, `sli_description`, `sys_added`, `sys_changed`, `sys_user_id`) VALUES
('14e539fc1ebe0b', 'javascriptFile', 'nuobjectpanel.js', 'This includes nuobjectpanel.js', '2011-08-23 22:10:33', '2011-08-23 22:46:47', 'globeadmin'),
('14e53a40b4665a', 'javascriptFile', 'jquery-window/jquery.window.js', 'This includes nuobjectpanel.js', '2011-08-23 22:28:51', '2011-08-23 22:28:51', 'globeadmin'),
('14e53a40b4665b', 'javascriptFile', 'jquery-ui/jquery-ui-1.8.16.custom.min.js', 'This includes nuobjectpanel.js', '2011-08-23 22:28:51', '2011-08-23 22:28:51', 'globeadmin');

REPLACE INTO `zzsys_style` (`zzsys_style_id`, `sst_class`, `sst_description`, `sst_custom`) VALUES
('14e5d94d36f7b8', '.window_panel', '', '0'),
('14e5d9555c8cd1', '.window_panel .window_header', '', '0'),
('14e5d959a804e2', '.window_panel .window_header_normal', '', '0'),
('14e5d95cd7cf49', '.window_panel .window_header_minimize', '', '0'),
('14e5d95fece8cb', '.window_panel .window_header_minimize_vertical', '', '0'),
('14e5d963fd136c', '.window_panel .window_header_maximize', '', '0'),
('14e5d96573e01c', '.window_panel .window_frame', '', '0'),
('14e5d967e1f2e7', '.window_panel .window_footer', '', '0'),
('14e5d96afa38ee', '.window_panel .window_footer div', '', '0'),
('14e5d96d3107bb', '.window_panel .window_header .window_title_icon', '', '0'),
('14e5d9726af999', '.window_panel .window_header .window_title_text', '', '0'),
('14e5d978dde9fa', '.window_panel .window_header .window_title_text_vertical', '', '0'),
('14e5d97a47660a', '.window_panel .window_header .window_title_text_vertical_with_icon', '', '0'),
('14e5d97d079c94', '.window_panel .window_header .window_function_bar', '', '0'),
('14e5d98100e148', '.window_panel .window_header .window_icon_button', '', '0'),
('14e5d983403bb2', '.window_panel .window_header .bookmarkImg', '', '0'),
('14e5d9853c669a', '.window_panel .window_header .minimizeImg', '', '0'),
('14e5d98f3d8c1f', '.window_panel .window_header .cascadeImg', '', '0'),
('14e5d9903205af', '.window_panel .window_header .maximizeImg', '', '0'),
('14e5d9910a7443', '.window_panel .window_header .closeImg', '', '0'),
('14e5d9966c1986', '.window_panel .frame_loading', '', '0'),
('14e5d99bc9a7dc', '#window_overlay', '', '0');

REPLACE INTO `zzsys_style_property` (`zzsys_style_property_id`, `ssp_property_name`, `ssp_property_value`, `ssp_zzsys_style_id`) VALUES
('14e5d94d3774ba', 'position', 'absolute', '14e5d94d36f7b8'),
('14e5d94d3793fe', 'left', '0', '14e5d94d36f7b8'),
('14e5d94d37b33b', 'top', '0', '14e5d94d36f7b8'),
('14e5d94d37d27b', 'margin', '0', '14e5d94d36f7b8'),
('14e5d94d37f1bc', 'padding', '0', '14e5d94d36f7b8'),
('14e5d94d3810fc', 'index', '2000', '14e5d94d36f7b8'),
('14e5d94d38303b', 'background', '#eee', '14e5d94d36f7b8'),
('14e5d94d384f7d', 'color', '#222', '14e5d94d36f7b8'),
('14e5d951250eb7', 'font-family', 'Arial', '14e5d94d36f7b8'),
('14e5d951252df6', 'font-size', '16px', '14e5d94d36f7b8'),
('14e5d951254d36', 'text-decoration', 'none', '14e5d94d36f7b8'),
('14e5d951256c78', 'clear', 'both', '14e5d94d36f7b8'),
('14e5d951258bb9', 'text-align', 'left', '14e5d94d36f7b8'),
('14e5d95125aafa', 'vertical-align', 'top', '14e5d94d36f7b8'),
('14e5d95125ca62', 'border', '1px solid #aaa', '14e5d94d36f7b8'),
('14e5d95125e97b', 'overflow', 'hidden', '14e5d94d36f7b8'),
('14e5d9555cea81', 'margin', '0', '14e5d9555c8cd1'),
('14e5d9555d09c2', 'padding', '0', '14e5d9555c8cd1'),
('14e5d9555d2901', 'border', '0', '14e5d9555c8cd1'),
('14e5d95700c9be', 'border-bottom', '1px solid #aaa', '14e5d9555c8cd1'),
('14e5d95700e8f6', 'overflow', 'hidden', '14e5d9555c8cd1'),
('14e5d957010838', 'white-space', 'nowrap', '14e5d9555c8cd1'),
('14e5d959a862a2', 'height', '20px', '14e5d959a804e2'),
('14e5d959a881e2', 'line-height', '20px', '14e5d959a804e2'),
('14e5d959a8a123', 'padding', '2px 5px', '14e5d959a804e2'),
('14e5d959a8c062', 'text-align', 'left', '14e5d959a804e2'),
('14e5d959a8dfa5', 'cursor', 'move', '14e5d959a804e2'),
('14e5d95cd82d0b', 'line-height', '20px', '14e5d95cd7cf49'),
('14e5d95cd84c4b', 'padding', '2px 5px', '14e5d95cd7cf49'),
('14e5d95cd86b8b', 'text-align', 'left', '14e5d95cd7cf49'),
('14e5d95cd88acb', 'cursor', 'pointer', '14e5d95cd7cf49'),
('14e5d95cd8aa0b', 'width', '100%', '14e5d95cd7cf49'),
('14e5d95cd8c94c', 'height', '100%', '14e5d95cd7cf49'),
('14e5d95fed468a', 'line-height', '13px', '14e5d95fece8cb'),
('14e5d95fed65ce', 'padding', '7px 0px', '14e5d95fece8cb'),
('14e5d95fed850f', 'text-align', 'center', '14e5d95fece8cb'),
('14e5d963fd7128', 'padding', '2px 5px', '14e5d963fd136c'),
('14e5d963fd906d', 'text-align', 'left', '14e5d963fd136c'),
('14e5d963fdafae', 'height', '20px', '14e5d963fd136c'),
('14e5d963fdceec', 'line-height', '20px', '14e5d963fd136c'),
('14e5d963fdee27', 'cursor', 'default', '14e5d963fd136c'),
('14e5d965743ddc', 'margin', '0', '14e5d96573e01c'),
('14e5d965745d1b', 'padding', '0', '14e5d96573e01c'),
('14e5d965747c5d', 'border', '0', '14e5d96573e01c'),
('14e5d967e250a7', 'width', '100%', '14e5d967e1f2e7'),
('14e5d967e26fe8', 'height', '16px', '14e5d967e1f2e7'),
('14e5d967e28f28', 'position', 'absolute', '14e5d967e1f2e7'),
('14e5d967e2ae67', 'bottom', '0', '14e5d967e1f2e7'),
('14e5d967e2cda9', 'left', '0', '14e5d967e1f2e7'),
('14e5d967e2ece9', 'margin', '0', '14e5d967e1f2e7'),
('14e5d967e30c30', 'padding', '0', '14e5d967e1f2e7'),
('14e5d967e32b6a', 'border', '0', '14e5d967e1f2e7'),
('14e5d969656705', 'border-top', '1px solid #aaa', '14e5d967e1f2e7'),
('14e5d96965a0ac', 'overflow', 'hidden', '14e5d967e1f2e7'),
('14e5d96965cf82', 'font-size', '12px', '14e5d967e1f2e7'),
('14e5d96afa96b2', 'margin-left', '5px', '14e5d96afa38ee'),
('14e5d96d316598', 'width', '16px', '14e5d96d3107bb'),
('14e5d96d3184c0', 'height', '16px', '14e5d96d3107bb'),
('14e5d96d31a407', 'position', 'absolute', '14e5d96d3107bb'),
('14e5d96d31c341', 'left', '4px', '14e5d96d3107bb'),
('14e5d96d31e282', 'top', '4px', '14e5d96d3107bb'),
('14e5d9726b575b', 'position', 'absolute', '14e5d9726af999'),
('14e5d9726b769a', 'left', '24px', '14e5d9726af999'),
('14e5d9726b95da', 'font-weight', 'bold', '14e5d9726af999'),
('14e5d9726bb51f', 'font-size', '13px', '14e5d9726af999'),
('14e5d9726bd45c', 'overflow', 'hidden', '14e5d9726af999'),
('14e5d9726c0343', 'white-space', 'nowrap', '14e5d9726af999'),
('14e5d9726c228a', '-o-text-overflow', 'ellipsis', '14e5d9726af999'),
('14e5d9726c41c2', 'text-overflow', 'ellipsis', '14e5d9726af999'),
('14e5d9726c6106', 'margin-left', '-20px', '14e5d9726af999'),
('14e5d978de47ba', 'left', '20px', '14e5d978dde9fa'),
('14e5d97a47c3cf', 'left', '0', '14e5d97a47660a'),
('14e5d97a47e310', 'top', '23px', '14e5d97a47660a'),
('14e5d97d07fa55', 'height', '23px', '14e5d97d079c94'),
('14e5d97d081995', 'width', '72px', '14e5d97d079c94'),
('14e5d97d0838d6', 'position', 'absolute', '14e5d97d079c94'),
('14e5d97d085818', 'right', '0', '14e5d97d079c94'),
('14e5d97d087756', 'top', '2px', '14e5d97d079c94'),
('14e5d97d089698', 'overflow', 'hidden', '14e5d97d079c94'),
('14e5d97d08b5d9', 'white-space', 'nowrap', '14e5d97d079c94'),
('14e5d981013f0a', 'height', '16px', '14e5d98100e148'),
('14e5d981015e49', 'width', '16px', '14e5d98100e148'),
('14e5d981017d8d', 'z-index', '3200', '14e5d98100e148'),
('14e5d981019ccc', 'cursor', 'pointer', '14e5d98100e148'),
('14e5d98101bc0d', 'float', 'right', '14e5d98100e148'),
('14e5d98101db4c', 'margin-right', '4px', '14e5d98100e148'),
('14e5d98101fa8d', 'margin-top', '2px', '14e5d98100e148'),
('14e5d983409972', 'background', 'url(jquery-window/img/buttons.gif) no-repeat', '14e5d983403bb2'),
('14e5d98340b8b4', 'background-position', '0', '14e5d983403bb2'),
('14e5d98340d7f3', 'top', '4px', '14e5d983403bb2'),
('14e5d9853cc45d', 'background', 'url(jquery-window/img/buttons.gif) no-repeat', '14e5d9853c669a'),
('14e5d9853ce39d', 'background-position', '-16px', '14e5d9853c669a'),
('14e5d9853d02df', 'top', '4px', '14e5d9853c669a'),
('14e5d98f3dda42', 'background', 'url(jquery-window/img/buttons.gif) no-repeat', '14e5d98f3d8c1f'),
('14e5d98f3df984', 'background-position', '-32px', '14e5d98f3d8c1f'),
('14e5d98f3e18c3', 'top', '4px', '14e5d98f3d8c1f'),
('14e5d99032636e', 'background', 'url(jquery-window/img/buttons.gif) no-repeat', '14e5d9903205af'),
('14e5d9903282ac', 'background-position', '-48px', '14e5d9903205af'),
('14e5d99032a1eb', 'top', '4px', '14e5d9903205af'),
('14e5d9910ad204', 'background', 'url(jquery-window/img/buttons.gif) no-repeat', '14e5d9910a7443'),
('14e5d9910af147', 'background-position', '-64px', '14e5d9910a7443'),
('14e5d9910b108d', 'top', '4px', '14e5d9910a7443'),
('14e5d9966c7747', 'background', 'url(''jquery-window/img/loading.gif'') no-repeat', '14e5d9966c1986'),
('14e5d9966c9687', 'width', '16px', '14e5d9966c1986'),
('14e5d9966cb5c6', 'height', '16px', '14e5d9966c1986'),
('14e5d9966cd507', 'position', 'absolute', '14e5d9966c1986'),
('14e5d9966cf448', 'left', '50%', '14e5d9966c1986'),
('14e5d9966d1388', 'top', '50%', '14e5d9966c1986'),
('14e5d9966d32ca', 'font-size', '14px', '14e5d9966c1986'),
('14e5d9966d520a', 'font-weight', 'bold', '14e5d9966c1986'),
('14e5d9966d714a', 'color', '#777', '14e5d9966c1986'),
('14e5d9966d908b', 'padding-left', '20px', '14e5d9966c1986'),
('14e5d9966db343', 'text-align', 'left', '14e5d9966c1986'),
('14e5d998f24ced', 'text-decoration', 'none', '14e5d9966c1986'),
('14e5d998f26c50', 'clear', 'both', '14e5d9966c1986'),
('14e5d998f29b0e', 'cursor', 'crosshair', '14e5d9966c1986'),
('14e5d99bca059c', 'background', 'black', '14e5d99bc9a7dc'),
('14e5d99bca24dc', 'opacity', '0', '14e5d99bc9a7dc'),
('14e5d99bca441d', 'width', '100%', '14e5d99bc9a7dc'),
('14e5d99bca635d', 'height', '100%', '14e5d99bc9a7dc'),
('14e5d99bca829d', 'position', 'fixed', '14e5d99bc9a7dc'),
('14e5d99bcaa1df', 'left', '0', '14e5d99bc9a7dc'),
('14e5d99bcac11d', 'top', '0', '14e5d99bc9a7dc');
